elongation-factor-coupled-ribosomal-translocation|18|신장인자의 tRNA·mRNA 동반 전위|리보솜 소단위체의 회전·머리 이동 동안 신장인자가 tRNA와 대응 코돈의 이동을 결합하면 읽기틀을 유지하며 다음 아미노아실 tRNA 결합 자리를 비운다.|신장인자·GTP 순환·코돈 결합·리보솜 상태를 확인한다. 자발적 전위도 가능하므로 모든 이동을 GTP의 단일 힘 행정으로 설명하지 않는다.|PNAS · Spontaneous ribosomal translocation of mRNA and tRNAs into a chimeric hybrid state|https://pubmed.ncbi.nlm.nih.gov/30936299/|stored_search_excerpt|ribosomal-peptidyl-transfer,programmed-ribosomal-reading-frame-shift,guanine-nucleotide-switch|펩타이드 결합 형성 뒤 두 RNA의 위치를 함께 옮기는 기계 경로이다. 읽기틀을 바꾸는 사건이나 단순 GTP 결합 스위치와 달리 코돈·안티코돈 동반 이동이 핵심이다.
guide-rna-directed-uridine-insertion-editing|18|가이드 RNA의 절단·우리딘 삽입·재연결 편집|가이드 RNA가 전구 RNA에 짝지어 편집 자리를 지정하고 절단된 말단에 필요한 우리딘이 추가된 뒤 재연결되면 원래 전사되지 않은 염기가 RNA 내부에 편입된다.|가이드·표적 앵커 이중가닥·UTP·ATP·편집 복합체를 확인한다. 자유 말단의 비선택적 꼬리 추가와 구분하고 모든 RNA 편집에 일반화하지 않는다.|EMBO Journal · Guide RNA-directed uridine insertion RNA editing in vitro|https://pubmed.ncbi.nlm.nih.gov/8978701/|stored_search_excerpt|adar-adenosine-rna-editing,argonaute-guide-directed-rna-slicing,template-independent-rna-polyadenylation|기존 염기의 화학 변환이나 가이드 절단만으로 끝나지 않는다. 짝지음 정보가 RNA 내부에 삽입할 염기 수를 정하는 절단·삽입·연결 경로이다.
schiff-base-deoxyribose-phosphate-beta-elimination|18|시프 염기 매개 DNA 당인산 베타 제거|효소의 아민이 무염기 DNA 당과 공유 이민 중간체를 형성하고 베타 제거를 촉진하면 절단 부위에 남은 데옥시리보스 인산이 제거되어 후속 연결 가능한 말단이 마련된다.|무염기 당의 화학 상태·사전 절개·촉매 아민·금속·후속 복구를 확인한다. 산화된 당이나 변형된 당인산에 같은 활성을 가정하지 않는다.|Journal of Biological Chemistry · Functional analysis of the amino-terminal 8-kDa domain of DNA polymerase beta as revealed by site-directed mutagenesis. DNA binding and 5'-deoxyribose phosphate lyase activities|https://pubmed.ncbi.nlm.nih.gov/9556598/|publisher_abstract|glycosylase-damaged-base-excision,exonucleolytic-end-resection,hydrolysis|염기를 당에서 떼는 단계와 달리 남은 당인산 자체를 공유 이민·제거 반응으로 치운다. 물의 인산 공격이나 뉴클레오타이드 연속 말단 절제와도 다르다.
phosphohistidine-dna-adduct-hydrolytic-release|18|포스포히스티딘 중간체의 DNA 공유 부가물 제거|히스티딘이 DNA 말단 인산을 공격해 단백질성 부가물을 내보내고 DNA·효소 공유 중간체를 만든 뒤 물이 이를 절단하면 막힌 DNA 말단의 인산이 회복된다.|노출된 말단·부가물 접근성·두 촉매 히스티딘·산염기 촉매를 확인한다. 생성된 3′ 인산은 연결 전에 별도 처리가 필요할 수 있다.|Journal of Molecular Biology · Analysis of the active site mechanism of Tyrosyl-DNA phosphodiesterase I: a member of the phospholipase D superfamily|https://pmc.ncbi.nlm.nih.gov/articles/PMC3265611/|reference_section|topoisomerase-transient-strand-passage,hydrolysis,histidine-aspartate-phosphorelay-signaling|DNA를 다시 잇는 토포이소머레이스 순환과 달리 막힌 인산·단백질 결합을 두 번의 치환으로 해소한다. 히스티딘 신호 인산화와는 기질·회수 경로가 다르다.
protein-domain-swapped-oligomerization|18|단백질 도메인 교환에 의한 다량체 접힘|단백질의 접힌 도메인이 자기 사슬의 나머지 부분에서 떨어져 이웃 사슬의 대응 부분과 결합하면 원래 접힘의 접촉을 사슬 사이에 재현하는 다량체가 형성된다.|힌지 유연성·열역학·농도·접힘 경로·교환 도메인을 확인한다. 모든 단백질 응집이나 다량체 형성이 도메인 교환은 아니다.|Protein Science · Refined structure of dimeric diphtheria toxin at 2.0 A resolution|https://pubmed.ncbi.nlm.nih.gov/7833807/|publisher_abstract|alpha-helical-coiled-coil-assembly,templated-protein-conformation-propagation,chaperone-assisted-folding|이미 완성된 표면끼리의 결합과 달리 분자 내 접촉을 분자 간 접촉으로 바꾸어 접힘을 완성한다. 구조 씨앗의 복제 전파를 필수로 요구하지 않는다.
phosphoenzyme-bisphosphate-positional-exchange|18|인산효소·비스인산 중간체의 인산 위치 교환|인산화 효소가 기질의 빈 수산기에 인산을 주고 생긴 비스인산 중간체가 재배향된 뒤 다른 위치의 인산을 효소에 돌려주면 기질 인산의 위치가 바뀐다.|촉매 잔기 인산화·금속·중간체 재배향·평형을 확인한다. 동일 인산 원자가 그대로 이동한다고 단정하지 않으며 기질별 효소를 따로 계수하지 않는다.|Proteins · Crystal structure of a bacterial phosphoglucomutase, an enzyme involved in the virulence of multiple human pathogens|https://pmc.ncbi.nlm.nih.gov/articles/PMC3066478/|stored_search_excerpt|atp-dependent-protein-phosphorylation,histidine-aspartate-phosphorelay-signaling,glycosidic-phosphorolysis-sugar-phosphate-release|ATP 인산화나 일방향 신호 전달과 달리 효소가 인산을 내주고 다른 인산을 회수하는 재생 순환으로 한 기질의 치환 위치를 바꾼다.
sacrificial-iron-sulfur-carbon-sulfur-insertion|18|철황 클러스터 황의 탄소 결합 편입|SAM 유래 라디칼이 비활성 탄소의 수소를 제거하고 보조 철황 클러스터의 황이 그 탄소에 공유 결합하면 클러스터를 소모하며 탄소·황 결합이 형성된다.|개시용·보조용 철황 클러스터·SAM·전자 공급·산소 차단·클러스터 재생을 확인한다. 모든 라디칼 SAM 황 전이가 클러스터를 소모하는 것은 아니다.|PNAS · Crystallographic snapshots of sulfur insertion by lipoyl synthase|https://pmc.ncbi.nlm.nih.gov/articles/PMC5003258/|stored_search_excerpt|iron-sulfur-radical-sam-activation,persulfide-relay-iron-sulfur-cluster-assembly|라디칼 발생 자체가 아니라 보조 클러스터 원자를 기질로 옮기는 소모성 반응이다. 황을 모아 클러스터를 만드는 조립 경로와 반대 방향의 결합 변환이다.
tetrapyrrole-spiro-mediated-ring-inversion|18|스피로 경유 테트라피롤 고리 반전·폐환|선형 테트라피롤을 효소가 배치하고 스피로성 중간체를 거치는 연결 재배열을 유도하면 말단 피롤의 연결 방향이 뒤집힌 비대칭 거대고리가 형성된다.|기질 배치·중간체 유사체·경쟁 자발 고리화·촉매 잔기를 확인한다. 스피로 경로는 구조·입체선택적 억제의 지지를 받는 모델이며 직접 포획과 구별한다.|Biochemistry · Structure and Mechanistic Implications of a Uroporphyrinogen III Synthase–Product Complex|https://pmc.ncbi.nlm.nih.gov/articles/PMC2852885/|stored_search_excerpt|enzyme-templated-polyene-cationic-polycyclization,semipinacol-one-two-carbon-migration|이중결합을 차례로 고리화하는 폴리엔 연쇄와 달리 한 피롤의 연결 방향을 바꾸며 거대고리를 닫는다. 단순 치환기 1,2 이동을 별도 생물 사례로 이름만 바꾼 것이 아니다.
heme-self-oxygenation-porphyrin-cleavage|18|헴 자체 산소화의 포르피린 고리 절단|효소에 결합한 헴이 산소를 활성화하는 동시에 산화 기질로 작용하여 메소 수산화·베르도헴 단계를 거치면 고리가 열리고 일산화탄소·철·빌리베르딘이 방출된다.|산소·환원 전자·헴 배향·양성자 경로·중간체 산화 상태를 확인한다. 최초 수산화의 과산화철 종과 P450의 고산화 철·산소 종을 구별한다.|Biochemistry · Comparison of the mechanisms of heme hydroxylation by heme oxygenases-1 and -2: kinetic and cryoreduction studies|https://pmc.ncbi.nlm.nih.gov/articles/PMC4745887/|stored_search_excerpt|heme-monooxygenase-oxygen-insertion,heme-compound-i-peroxide-disproportionation|보조인자 헴을 보존하며 외부 기질을 산화하는 반응과 달리 산소 활성화 중심인 헴의 탄소 골격 자체가 순차 절단되어 소모된다.
iron-catechol-alkylperoxo-aromatic-ring-cleavage|18|철·카테콜·산소 공동 결합의 방향족 고리 절단|카테콜과 산소가 철의 이웃 배위 자리에 결합해 전자를 교환하고 기질·알킬과산화 중간체가 생기면 산소 삽입·재배열을 거쳐 방향족 탄소 고리가 열린다.|금속 상태·기질 킬레이트·산소·산염기 잔기·중간체 수명을 확인한다. 느린 유사 기질에서 포획한 상태를 모든 효소의 동일 속도로 일반화하지 않는다.|Science · Crystal Structures of Fe2+ Dioxygenase Superoxo, Alkylperoxo, and Bound Product Intermediates|https://pmc.ncbi.nlm.nih.gov/articles/PMC2720167/|stored_search_excerpt|heme-monooxygenase-oxygen-insertion,baeyer-villiger-carbonyl-oxygen-insertion,ligand-centered-redox-electron-reservoir|외부 과산화물의 케톤 부가와 달리 금속에 함께 결합한 방향족 기질·산소 사이 전자 이동으로 과산화 부가체를 만든다. 반응성 산소 생성만으로 끝나지 않는다.
methylation-succinimide-isoaspartyl-backbone-repair|18|메틸화·숙신이미드 순환의 펩타이드 골격 복원|비정상 이소아스파르틸 결합의 카르복실기를 메틸화하면 숙신이미드 고리가 생기고 가수분해 일부가 정상 아스파르틸 결합으로 돌아간다. 반복 순환이 정상 골격 비율을 높인다.|SAM·접근 가능한 손상 자리·pH·시간·라세미화 부반응을 확인한다. 한 번의 순환이나 모든 접힌 단백질에서 완전 복구를 보장하지 않는다.|PNAS · Conversion of isoaspartyl peptides to normal peptides: implications for the cellular repair of damaged proteins|https://pubmed.ncbi.nlm.nih.gov/3472227/|stored_search_excerpt|imide-cyclodehydration,carboxylic-acid-esterification,peptidyl-prolyl-cis-trans-isomerization|메틸 표지를 유지하는 조절 반응이 아니라 표지를 소모하며 비정상 베타 펩타이드 연결을 알파 연결로 회수한다. 단일 이미드 고리화·시스 트랜스 전환과 구별한다.
end-anchored-molecular-ruler-rna-cleavage|18|말단 고정·촉매 거리의 RNA 분자 자 절단|효소가 RNA 이중가닥의 말단을 고정하고 일정 거리 떨어진 절단 자리에 사슬을 배치하면 특정 서열 대신 말단으로부터의 공간적 길이를 기준으로 절단 위치가 정해진다.|말단 돌출·나선 구조·앵커와 촉매 자리 간 거리·단백질 유연성·금속을 확인한다. 효소 계열마다 절편 길이는 다를 수 있다.|Science · Structural basis for double-stranded RNA processing by Dicer|https://pubmed.ncbi.nlm.nih.gov/16410517/|stored_search_excerpt|argonaute-guide-directed-rna-slicing,sequence-directed-dna-cleavage,rnase-p-rna-metal-catalyzed-hydrolysis|가이드 서열의 상보성이나 절단 부위 염기 인식 대신 말단 앵커와 촉매 자리 사이의 고정 기하가 분자 길이를 재는 원리이다.
iron-sulfur-disulfide-one-to-two-electron-coupling|18|철황·이황화 배위 교환의 전자 단위 변환|철황 클러스터와 인접 이황화 결합이 협동하여 한 전자 환원 후 황 하나를 철에 추가 배위시키고 다른 황을 기질과 교환하면 순차 한 전자 공급이 이황화의 두 전자 환원으로 연결된다.|클러스터·활성 부위 이황화·전자 공여체·기질 접근·중간체 산화 상태를 확인한다. 모든 티올 환원효소가 이 경로를 사용하지 않는다.|Nature · Structural snapshots along the reaction pathway of ferredoxin–thioredoxin reductase|https://www.nature.com/articles/nature05937|stored_search_excerpt|glutaredoxin-thiol-redox,disulfide-reductive-cleavage,enzyme-electron-transfer|티올끼리의 교환만이 아니라 일전자 금속 중심에 추가 황 배위를 형성·해소하며 이전자 결합 절단과 연결하는 명시된 중간체 경로이다.
microtubule-lattice-extraction-repair-islands|18|미세소관 격자 추출·재편입의 안정화 섬 형성|효소가 미세소관 몸통에서 단량체 쌍을 뽑아 결함을 만들고 가용성 GTP 튜불린이 빈자리에 편입되면 격자 중간에 재성장을 지지하는 안정화 영역이 생긴다.|추출 속도·가용 튜불린·뉴클레오타이드 상태·격자 손상·절단 경쟁을 확인한다. 수선보다 추출이 빠르면 단절·소실이 우세할 수 있다.|Science · Severing enzymes amplify microtubule arrays through lattice GTP-tubulin incorporation|https://pmc.ncbi.nlm.nih.gov/articles/PMC6510489/|stored_search_excerpt|microtubule-dynamic-instability-modulation,microtubule-protofilament-curling-work,proteasome-atp-unfolding-translocation|말단 첨가·붕괴와 달리 몸통의 선택적 제거·수선이 내부 뉴클레오타이드 상태를 갱신한다. 단백질을 분해실로 밀어 넣는 과정과도 목적 구조·후속 경로가 다르다.
molybdenum-hydroxide-sulfido-hydride-hydroxylation|18|몰리브덴 수산화물·설피도 협동의 산화 수산화|몰리브덴 결합 수산화물이 기질 탄소를 친핵 공격하고 탄소의 수소화물이 설피도 부위로 전달되면 금속 환원과 함께 기질에 물 유래 산소가 도입된다.|몰리브덴 보조인자·설피도 유지·물·전자 배출·기질 배향을 확인한다. 산소가 최종 전자 수용체여도 도입 산소의 기원이 분자 산소인 것은 아니다.|Journal of Biological Chemistry · Substrate Orientation and Catalysis at the Molybdenum Site in Xanthine Oxidase: Crystal Structures in Complex with Xanthine and Lumazine|https://pmc.ncbi.nlm.nih.gov/articles/PMC2659234/|stored_search_excerpt|heme-monooxygenase-oxygen-insertion,metal-hydroxide-carbon-dioxide-hydration,ligand-aromaticity-cooperative-bond-activation|산소 분자를 활성화해 C-H에 삽입하는 경로와 달리 물 유래 친핵성 산소의 공격·수소화물 회수가 결합한다. 단순 수화와 달리 금속이 두 전자를 받는다.
tryptophan-photoexcitation-salt-bridge-dissociation|18|트립토판 광여기의 염다리·이량체 해리|단백질 내 트립토판 집합이 자외선을 흡수해 인접 전하 상호작용을 교란하면 소단위체 사이 염다리 연결이 약해져 이량체가 단량체로 분리되고 결합 가능성이 바뀐다.|흡수 파장·트립토판 배치·염다리·이온강도·재결합을 확인한다. 전자·양성자 이동의 미세 순서를 초기 구조만으로 확정하지 않는다.|Science · Plant UVR8 photoreceptor senses UV-B by tryptophan-mediated disruption of cross-dimer salt bridges|https://pubmed.ncbi.nlm.nih.gov/22323738/|stored_search_excerpt|lov-cysteinyl-flavin-photoadduct-switch,photoinduced-geometric-isomerization,receptor-dimerization-signaling|외부 색소의 공유 광부가체나 이중결합 회전 대신 단백질 자체 방향족 잔기의 여기가 비공유 이량체 연결을 해소한다. 빛 감지의 별도 결합 변환 경로이다.
metastable-protein-sheath-lattice-contraction|18|준안정 단백질 외피 격자의 일회성 수축|늘어난 준안정 나선 외피가 촉발 신호 뒤 소단위체 접촉을 다시 배치하며 짧고 넓은 격자로 전환되면 저장된 자유에너지가 안쪽 관의 병진 운동으로 방출된다.|외피 조립 상태·고정점·전이 촉발·전파·접촉 에너지를 확인한다. 수축 순간 ATP 소비나 원상태로의 자발 회복을 필수로 가정하지 않는다.|EMBO Journal · The tail sheath structure of bacteriophage T4: a molecular machine for infecting bacteria|https://pmc.ncbi.nlm.nih.gov/articles/PMC2670864/|stored_search_excerpt|actomyosin-atp-mechanical-transduction,elastic-energy-recovery,bistable-structure,snare-zippering-membrane-fusion|반복 ATP 모터나 탄성체의 단순 복원 대신 단백질 격자 접촉망이 준안정 상태에서 다른 안정 배치로 일회 전환한다. 관 운동과 막 융합을 같은 결과로 취급하지 않는다.
plp-aminoacrylate-elimination-addition-substitution|18|PLP 아미노아크릴레이트의 제거·부가 치환|PLP와 공유 결합한 아미노산에서 베타 치환기가 제거되어 아미노아크릴레이트가 생기고 다른 친핵체가 부가되면 아미노기를 보존한 채 곁사슬 치환기가 교환된다.|PLP·촉매 산염기·이탈기·친핵체·경쟁 분해를 확인한다. 짧은 수명 중간체를 모두 직접 관찰했다고 가정하지 않으며 기질별 반응을 따로 나누지 않는다.|Journal of Biological Chemistry · Structural insights into catalysis and inhibition of O-acetylserine sulfhydrylase from Mycobacterium tuberculosis. Crystal structures of the enzyme alpha-aminoacrylate intermediate and an enzyme-inhibitor complex|https://pubmed.ncbi.nlm.nih.gov/17567578/|stored_search_excerpt|aminotransferase-group-transfer,nonoxidative-ammonia-lyase-deamination,nucleophilic-substitution|아미노기 전달·제거와 달리 아미노기를 유지한 PLP 결합 불포화 중간체에 친핵체가 다시 붙는다. 한 번의 직접 치환으로 표현하지 않는 제거·부가 경로이다.
enzyme-confined-oxygen-carbon-phosphoryl-rearrangement|18|효소 내 산소·탄소 간 인산기 재연결|효소가 기질과 인산기를 구속한 상태에서 인·산소 결합의 해리성 전환과 탄소의 같은 면 공격이 결합하면 인산 에스터가 탄소·인 결합을 가진 포스포네이트로 바뀐다.|금속·배위 잔기·용매 차폐·기질 배향·평형을 확인한다. 해리성 경로는 유사체 구조·변이 동역학의 지지이며 자유 메타인산의 직접 관찰을 뜻하지 않는다.|Biochemistry · Dissociative phosphoryl transfer in PEP mutase catalysis: structure of the enzyme/sulfopyruvate complex and kinetic properties of mutants|https://pubmed.ncbi.nlm.nih.gov/12162742/|stored_search_excerpt|phosphotransferase-group-translocation,nucleophilic-substitution,atp-dependent-protein-phosphorylation|인산기를 다른 산소나 단백질로 전달하는 반응과 달리 같은 탄소 골격 안에서 P-O 연결을 P-C 연결로 바꾸며 인의 입체배치를 보존한다.
purine-hydrolytic-formate-loss-pterin-ring-expansion|18|퓨린 개환·포름산 방출·리보스 편입 고리 확장|GTP의 이미다졸 고리가 가수분해되어 포름산을 방출하고 열린 리보스가 재배열된 뒤 아미노기와 축합하면 당의 탄소가 편입된 더 큰 프테린 고리가 형성된다.|금속·기질 배향·산염기 촉매·단계별 중간체를 확인한다. 효소 계열별 잔기 차이는 따로 계수하지 않으며 모든 미세 단계를 구조로 포획한 것은 아니다.|Journal of Molecular Biology · Biosynthesis of Pteridines. Reaction Mechanism of GTP Cyclohydrolase I|https://www.sciencedirect.com/science/article/pii/S0022283602013037|stored_search_excerpt|nucleotide-pyrophosphohydrolysis,trna-covalent-ribosyl-base-exchange,pseudouridine-glycosidic-bond-rearrangement|뉴클레오타이드 인산 절단이나 염기 교환 대신 퓨린의 탄소 하나를 제거하고 자체 당 탄소로 고리를 다시 만든다. 단순 글리코시드 연결 재배열과도 다르다.
