# Mechanics, interfaces and electronic order.
compressive-euler-buckling|6|압축 하중의 오일러 좌굴|가느다란 탄성 부재의 압축력이 임계값을 넘으면 곧은 형상의 안정성이 사라져 옆으로 휘는 변형 모드가 성장한다.|굽힘강성·유효길이·끝단 구속·초기 결함·항복을 확인한다.|Scientific Reports · Programmable Deployment of Tensegrity Structures by Stimulus-Responsive Polymers|https://www.nature.com/articles/s41598-017-03412-6|stored_search_excerpt|bistable-structure,prestress-geometric-stiffening|두 안정 형상 사이 스냅과 달리 압축 분기 임계조건이며 좌굴이 반드시 쌍안정인 것은 아니다.
film-substrate-wrinkling-instability|6|박막·기판 강성 경쟁의 주름 형성|압축된 단단한 박막이 부드러운 기판 위에서 휘면 막 굽힘과 기판 변형 에너지의 경쟁으로 특징 파장의 주름이 생긴다.|두께·탄성률비·접착·압축률·기판 유한두께·박리를 확인한다.|Scientific Reports · Post-buckling behaviors of thin-film soft-substrate bilayers with finite-thickness substrate|https://www.nature.com/articles/s41598-022-08136-w|stored_search_excerpt|compressive-euler-buckling|자유 기둥의 전체 좌굴과 달리 탄성 기초가 파장을 선택하는 분포 불안정이다.
poroelastic-fluid-network-relaxation|2|유체 재분포·탄성망 결합의 다공탄성 완화|젖은 다공성 탄성체를 변형하면 공극압이 변하고 유체가 이동하면서 시간에 따라 지지 하중·변형이 완화된다.|투과도·길이척도·배수 경계·점도·탄성률을 확인한다.|Hu et al. · Using indentation to characterize the poroelasticity of gels|https://dash.harvard.edu/entities/publication/a425c629-e062-4669-b4ec-be7b9fc6b980|stored_search_excerpt|viscoelastic-response|고분자 사슬 자체의 완화와 구별되는 공극 유체 이동과 고체 변형의 결합이다.
stress-assisted-trap-mechanoluminescence|13|기계 자극의 트랩 전하 방출 발광|적합한 결함 발광체에서 기계 자극이 내부장을 바꾸어 저장 전하를 트랩에서 꺼내면 발광 중심의 재결합으로 빛이 방출될 수 있다.|재료·트랩 충전·예여기·응력·마찰·재충전을 확인한다. 모든 기계발광을 같은 경로로 설명하지 않는다.|Microsystems & Nanoengineering · Superior mechanoluminescence of ZnS:Mn/ZnO heterostructure array chip boosted by type II electron transition|https://www.nature.com/articles/s41378-026-01284-3|stored_search_excerpt|direct-piezoelectricity,electroluminescence|전기 출력 또는 외부 주입 발광과 달리 응력이 저장 전하 방출·광 재결합을 연결한다.
hydrostatic-pressure-barocaloric-response|7|정수압 엔트로피 결합의 압력열량 효과|정수압이 부피와 결합된 상·배향 상태의 엔트로피를 바꾸면 압력 변화 중 단열 온도 변화나 등온 열교환이 발생한다.|상전이·히스테리시스·압력 범위·압력 전달·열교환 주기를 확인한다.|Nature Communications · Colossal and reversible barocaloric effect in liquid-solid-transition materials n-alkanes|https://www.nature.com/articles/s41467-022-28229-4|stored_search_excerpt|elastocaloric-effect,phase-change-storage|일축 변형 구동과 구별되는 정수압·부피 공액 구동이며 단순 잠열 저장에는 없는 압력 조절을 명시한다.
elastocapillary-sheet-wrapping|6|표면 에너지·굽힘 경쟁의 모세관 감싸기|액체가 시트를 적시며 줄일 수 있는 계면 에너지가 시트 굽힘 비용보다 크면 얇은 시트가 액적을 감싸며 접힌다.|굽힘강성·시트 크기·젖음·액적 부피·접촉선·중력을 확인한다.|Nature Materials · Optimal wrapping of liquid droplets with ultrathin sheets|https://www.nature.com/articles/nmat4397|stored_search_excerpt|wetting-control|강체 표면의 젖음과 달리 젖음 에너지와 고체 굽힘이 서로 형상을 바꾼다.
griffith-energy-release-fracture|17|에너지 해방률의 균열 성장|균열 증가로 방출되는 탄성 에너지가 새 균열면과 선단 소산에 필요한 에너지를 충족하면 균열이 성장할 수 있다.|하중·변위 경계·균열 길이·파괴 모드·비선형 소산·재료 인성을 확인한다.|Nature Communications · In situ stable crack growth at the micron scale|https://www.nature.com/articles/s41467-017-00139-w|stored_search_excerpt|continuum-damage-stiffness-degradation|분포 손상의 유효 강성 모델 대신 명시적인 균열면 증가의 에너지 수지이다.
environment-assisted-dissolution-cracking|17|환경·응력 결합의 용해 보조 균열|균열 선단의 국소 부식·흡착·피막 파괴가 인장응력과 결합하면 재료와 환경 조합에 따라 균열 진행이 빨라질 수 있다.|합금·전위·국소 용액·응력·질량전달·수소 기여를 확인한다. 하나의 경로를 모든 응력부식에 일반화하지 않는다.|npj Materials Degradation · Cleavage-dissolution assisted stress corrosion cracking under elastic loads|https://www.nature.com/articles/s41529-021-00172-7|stored_search_excerpt|hydrogen-assisted-metal-embrittlement|내부 수소 취화만이 아니라 노출 선단의 용해·피막·환경 결합을 다룬다.
interstitial-reorientation-anelastic-loss|2|간극 원자 재배향의 스누크형 내부 마찰|응력이 간극 원자의 선호 자리를 바꾸고 원자 이동이 유한 시간 지연되면 주기 응력에서 비탄성 완화와 에너지 손실이 나타난다.|결정 구조·용질·온도·주파수·전위 결합을 확인한다. 여러 내부 마찰 봉우리를 구분한다.|Scientific Reports · Internal friction evidence for the carbides-formation in the high Co–Ni martensite steel during heat treatment|https://www.nature.com/articles/s41598-025-93709-8|stored_search_excerpt|thermoelastic-diffusive-damping,solute-dislocation-strain-aging|열 확산 손실이나 이동 전위 고정과 달리 간극 원자의 응력 유도 재배향 지연이다.
drying-capillary-network-collapse|16|건조 모세관 장력의 다공체 수축·붕괴|건조 중 공극의 액체 메니스커스가 음압을 만들면 고체 골격이 압축·수축하고 구속 조건에 따라 붕괴·균열이 발생할 수 있다.|공극·표면장력·젖음·건조 속도·골격강성·구속을 확인한다.|Nature · Collapse of Capillaries in the Drying of Porous Gels|https://www.nature.com/articles/158341b0|stored_search_excerpt|capillary-wicking,poroelastic-fluid-network-relaxation|액체 이동만이 아니라 건조 곡률 압력의 고체 골격 손상을 다룬다.
jahn-teller-orbital-lattice-distortion|6|궤도 축퇴 해소의 얀·텔러 왜곡|축퇴된 전자 궤도를 가진 계가 격자를 왜곡하여 준위를 나누면 전자 에너지 이득과 탄성 비용의 경쟁으로 낮은 대칭 구조가 안정해질 수 있다.|전자 채움·배위·스핀궤도 결합·온도·협동 왜곡을 확인한다.|Nature · Geometric frustration of Jahn–Teller order in the infinite-layer lattice|https://www.nature.com/articles/s41586-022-05681-2|stored_search_excerpt|ferroelastic-variant-switching|이미 존재하는 변형 변종 전환과 달리 전자 궤도 축퇴가 구조 왜곡의 구동 원인이다.
interfacial-exchange-bias-pinning|14|자성 계면 교환 결합의 이력 편향|강자성층과 이웃 자기 질서의 계면 교환 결합이 한 방향을 선호하게 만들면 자화 반전 이력곡선이 편향될 수 있다.|계면·냉각 이력·차단 온도·층 두께·훈련 효과를 확인한다.|Nature · Direct observation of the alignment of ferromagnetic spins by antiferromagnetic spins|https://www.nature.com/articles/35015515|stored_search_excerpt|remanent-magnetic-recording|단일 자성체의 잔류자화 저장과 달리 계면 교환 고정이 반전 대칭을 편향시킨다.
antisymmetric-exchange-magnetic-chirality|14|비대칭 교환의 자기 키랄성|스핀궤도 결합과 반전 대칭 깨짐이 허용하는 비대칭 교환이 이웃 스핀의 특정 회전 방향을 선호하여 나선·키랄 벽 등의 질서를 만든다.|결정·계면 대칭·교환·이방성·자계를 확인한다. 키랄 무늬만으로 DMI 크기를 단정하지 않는다.|Nature Communications · Correlation of the Dzyaloshinskii–Moriya interaction with Heisenberg exchange and orbital asphericity|https://www.nature.com/articles/s41467-018-04017-x|stored_search_excerpt|interfacial-exchange-bias-pinning|일방향 자화 반전 고정과 달리 이웃 스핀의 비공선 회전 손잡이를 선택한다.
ligand-field-spin-crossover|14|리간드장·전자 짝짓기 경쟁의 스핀 전환|금속 착물에서 궤도 분열과 전자 짝짓기 에너지의 경쟁이 달라지면 고스핀·저스핀 상태 사이 전환으로 자성·부피·광학 응답이 바뀐다.|금속 전자수·리간드·온도·압력·빛·협동성과 이력을 확인한다.|Nature Communications · Evolution of cooperativity in the spin transition of an iron(II) complex on a graphite surface|https://www.nature.com/articles/s41467-018-05399-8|stored_search_excerpt|jahn-teller-orbital-lattice-distortion|궤도 축퇴를 깨는 왜곡과 달리 전자 짝짓기 수와 총스핀의 상태 전환이다.
magnetoelectric-cross-field-coupling|14|전기·자기 질서의 자기전기 교차 결합|허용된 대칭과 결합을 가진 재료에서 전기장이 자화·자기 질서에, 자기장이 전기 분극에 교차 응답을 만들 수 있다.|재료 대칭·텐서 방향·온도·도메인·누설·동반 변형을 확인한다.|Nature Materials · Robust isothermal electric control of exchange bias at room temperature|https://www.nature.com/articles/nmat2785|stored_search_excerpt|ferroelectricity,magnetostriction|단독 분극 반전이나 자계 치수 변화와 달리 전기장과 자기 질서 사이 교차 응답이다.
intrinsic-berry-curvature-hall-current|14|밴드 베리 곡률의 이상 홀 전류|대칭이 허용하는 전자 밴드의 베리 곡률이 전기장 아래 횡방향 속도에 기여하여 보통 로런츠 편향 외의 홀 전류를 만든다.|자기 대칭·채움·산란·도메인을 확인한다. 외인성 비대칭 산란 기여와 분리한다.|Communications Materials · Unconventional anomalous Hall effect and large anomalous Nernst effect in antiferromagnet SmMnBi2|https://www.nature.com/articles/s43246-024-00525-0|stored_search_excerpt|hall-effect,geometric-state-path-phase|보통 자계 로런츠 힘과 달리 운동량 공간의 기하가 횡속도를 만든다.
rashba-inversion-asymmetric-spin-splitting|14|반전 비대칭 스핀궤도 결합의 라슈바 분열|반전 대칭이 깨진 전자 환경의 스핀궤도 결합은 운동량에 따른 유효 자기장을 만들어 반대 스핀의 밴드를 분열시킬 수 있다.|국소·전체 대칭·계면장·운동량·시간반전·결정 방향을 확인한다.|Nature Materials · Giant Rashba-type spin splitting in bulk BiTeI|https://www.nature.com/articles/nmat3051|stored_search_excerpt|spin-hall-current-conversion|횡 스핀 전류 변환 자체가 아니라 운동량별 스핀 준위 구조를 형성하는 기전이다.
ballistic-channel-conductance-quantization|14|탄도 채널 수의 전도도 양자화|산란이 적은 좁은 전도 경로에서 허용되는 횡모드가 하나씩 열리면 모드 투과율·축퇴도에 따른 전도도 계단이 나타난다.|채널 길이·평균자유행로·온도·접촉·모드 혼합을 확인한다.|Nature Electronics · Quantized conductance in a one-dimensional ballistic oxide nanodevice|https://www.nature.com/articles/s41928-020-0383-2|stored_search_excerpt|quantum-hall,size-quantized-electronic-confinement|횡 홀 저항 양자화와 달리 탄도 채널의 종방향 전도 모드 수를 이용한다.
interlayer-coulomb-momentum-drag|14|층간 전자 상호작용의 쿨롱 끌림|전기적으로 분리된 가까운 도전층 사이에서 전자 상호작용이 운동량을 전달하면 한 층 전류가 다른 층 전압·전류를 유도한다.|층 간격·밀도·온도·누설·직접 터널링·열전 기여를 확인한다.|Nature Physics · Strong Coulomb drag and broken symmetry in double-layer graphene|https://www.nature.com/articles/nphys2441|stored_search_excerpt|electromagnetic-induction,photon-momentum-drag-current|변화 자속이나 광자 운동량 대신 층간 전자 상호작용의 운동량 전달이다.
grain-boundary-premelting|16|계면 자유에너지의 입계 선용융|입계 에너지와 고체·액체 경계 에너지의 경쟁으로 벌크 융점보다 낮은 온도에서 입계가 액체 유사 무질서 층으로 변할 수 있다.|입계 방향·불순물·온도·분리압·변형 구속을 확인한다.|Scientific Reports · Dynamics of grain boundary premelting|https://www.nature.com/articles/s41598-020-77863-9|stored_search_excerpt|solidification,grain-boundary-relative-sliding|벌크 응고나 입계 미끄럼과 달리 계면에 한정된 선행 상전이이다.
