# first|second|decision|causal boundary
aldehyde-hydride-disproportionation|carbonyl-reduction-to-alcohol|KEEP_DISTINCT|외부 환원제의 수소화물 공급과 달리 같은 반응계 알데하이드의 산화·환원이 짝을 이루는 불균등화 경로이다.
aryne-elimination-addition|nucleophilic-substitution|KEEP_SUBMECHANISM|친핵 치환의 기능과 겹치지만 아라인을 먼저 만들고 친핵체가 부가하는 제거·부가 경로로 제한한다.
finite-rate-kibble-zurek-defect-freezing|vortex-pair-bkt-unbinding|KEEP_DISTINCT|유한 속도로 임계점을 통과할 때 상관 길이가 따라가지 못하는 결함 형성과 평형 이차원 소용돌이 쌍의 해리는 다르다.
dynamic-texture-spin-motive-voltage|strain-gradient-flexomagnetism|KEEP_DISTINCT|이동 자화 무늬의 전자 스핀 결합은 시간 변화의 기전력이고 변형률 구배의 자성 응답은 기계적 공간 구배 결합이다.
critical-fluctuation-opalescence|critical-composition-fluctuation-force|KEEP_DISTINCT|임계 요동의 빛 산란과 경계가 제한한 요동 자유에너지의 힘을 구분한다.
density-slowing-motility-phase-separation|solvent-quality-coil-globule-collapse|KEEP_DISTINCT|비평형 자가추진의 밀도·감속 피드백과 용매 품질에 따른 한 사슬의 자유에너지 수축은 원인이 다르다.
bubble-phase-secondary-bjerknes-force|overlapping-meniscus-lateral-capillary-force|KEEP_DISTINCT|기포의 진동 압력과 체적 위상 결합은 동적인 유체 매개 힘이고 정적 계면 변형의 중첩은 모세관 에너지 힘이다.
latent-expectation-likelihood-maximization|variational-posterior-bound-optimization|KEEP_RELATED_METHODS|EM은 잠재조건분포와 모수 우도를 교대 최적화하고 변분 추론은 제한된 분포족의 사후 근사를 구한다. 수학적 연관성을 독립 법칙으로 해석하지 않는다.
causal-graph-intervention-calculus|instrument-induced-causal-identification|KEEP_RELATED_METHODS|개입 그래프의 식별 규칙과 배제 제한·외생 도구·순응자 조건을 사용하는 특정 식별 설계는 범위가 다르다.
argonaute-guide-directed-rna-slicing|antisense-gene-suppression|KEEP_SUBMECHANISM|넓은 상보성 발현 억제와 관계를 인정하며 아르고노트 촉매 중심에 의한 표적 인산다이에스터 절단에 한정한다. RNA 간섭이라는 기능명만 바꾼 새 항목으로 보지 않는다.
escrt-reverse-topology-membrane-scission|clathrin-coat-assembly-membrane-bending|KEEP_DISTINCT|ESCRT의 역위상 목 절단과 클라트린 피복의 막 굽힘 조립은 구조·위상·실행 단계가 다르다.
spike-order-dependent-synaptic-plasticity|vesicle-depletion-recovery-synaptic-filtering|KEEP_DISTINCT|발화 순서에 따른 가중치 가소성과 가용 소포의 소모·회복에 따른 단기 응답 변화를 구분한다.
anharmonic-cavity-photon-blockade|coulomb-charging-blockade|KEEP_DISTINCT|광자 추가에 따른 비등간격 여기 준위와 전하 추가의 정전기 에너지 문턱은 서로 다른 봉쇄 원인이다.
anisotropic-plasma-weibel-magnetization|misaligned-plasma-gradients-biermann-battery|KEEP_DISTINCT|속도 분포 이방성의 전류 불안정과 밀도·온도 구배의 비평행 압력 원천 항은 서로 다른 자기장 생성 경로이다.
nonlinear-phase-mixing-plasma-echo|discrete-spectrum-wavepacket-revival|KEEP_DISTINCT|추가 자극의 비선형 속도 위상 혼합 복원과 자유 이산 에너지 위상의 재정렬은 경로가 다르다.
orbital-exchange-dexter-energy-transfer|forster-resonance-energy-transfer|KEEP_DISTINCT|근접 궤도 교환과 장거리 쌍극자 결합이라는 미시 상호작용이 다르다.
singlet-triplet-pair-interconversion|spin-vibronic-intersystem-conversion|KEEP_DISTINCT|단일 분자의 스핀 다중도 전환과 두 분자 삼중항 쌍의 생성·소멸을 구분한다. 삼중항 융합과 단일항 분열은 한 카드 안에 둔다.
radical-pair-spin-selective-reaction-yield|solvent-cage-geminate-radical-recombination|KEEP_DISTINCT|스핀 혼합이 반응 허용성을 바꾸는 경로와 확산 케이지가 재만남 확률을 바꾸는 경로이다.
lyapunov-descent-stabilizing-control|barrier-function-safe-set-invariance|KEEP_DISTINCT|상태의 안정점 수렴 조건과 정해진 상태 집합을 벗어나지 않는 불변 조건을 구분한다.
importance-density-ratio-sampling|known-mean-correlated-control-variate|KEEP_DISTINCT|표집 분포를 바꾸고 밀도비로 보정하는 방식과 평균을 아는 보조량의 편차를 차감하는 방식이다.
normal-approach-squeeze-film-support|hydrodynamic-lubrication|KEEP_SUBMECHANISM|점성 유막 압력 계열이지만 수직 접근의 시간 의존 틈 변화와 접선 운동의 쐐기 연행을 구분한다.
wave-current-vortex-force-langmuir-circulation|wave-orbit-stokes-lagrangian-drift|KEEP_COUPLED_PATHWAY|입자의 파동 평균 순변위 자체와 그 표류가 전단 와도와 결합해 순환을 증폭하는 동역학은 다르다.
correlated-lattice-shear-deformation-twinning|martensitic-hardening|KEEP_DISTINCT|같은 결정 구조의 쌍정 방위 형성과 새 결정상의 생성·경화는 다르다.
selective-optical-pumping-population-redistribution|dark-state-adiabatic-population-transfer|KEEP_DISTINCT|선택 흡수·자발 이완의 비가역 인구 축적과 결맞은 암상태 단열 추종을 구분한다.
photon-angular-momentum-mechanical-torque|photon-linear-momentum-radiation-pressure|KEEP_RELATED_CHANNELS|광자 운동량 전달 계열의 회전 토크와 병진 힘이다. 편광·나선 위상의 각운동량 입력과 빛 진행의 선운동량 입력을 구분하며 독립 보존법칙으로 세지 않는다.
energy-selective-trap-escape-evaporative-cooling|evaporative-cooling|KEEP_SUBMECHANISM|고에너지 입자 제거라는 공통성은 인정한다. 기존 액체 기화 잠열 카드와 구별해 포획 기체의 에너지 필터·탄성 충돌 재평형 경로로 한정한다.
methylation-protected-restriction-discrimination|dna-cytosine-covalent-methylation|MERGE_NEW_DUPLICATE|기존 표지·단백질 인식 변화와 제한 절단의 조건부 조합이므로 새 계수를 철회한다. 원 배치와 출처는 유지하고 대표 카드로 연결한다.
rnase-p-rna-metal-catalyzed-hydrolysis|small-ribozyme-two-prime-transesterification|KEEP_DISTINCT|물의 외부 공격에 의한 가수분해와 사슬 내부 2′ 산소의 공격·고리 인산 생성은 친핵체와 생성 말단이 다르다.
channel-carbonyl-coordination-ion-selectivity|hydrophobic-pore-dewetting-ion-gating|KEEP_DISTINCT|특정 이온의 수화수를 배위 필터가 대체하는 선택성과 기공 공동 전체의 탈습윤 장벽을 구분한다.
remodeler-atp-nucleosomal-dna-sliding|chromatin-accessibility-regulation|KEEP_SUBMECHANISM|접근성 조절이라는 기능에서 ATPase가 히스톤 둘레 DNA를 옮기는 실행 경로를 분리했다. 모든 염색질 재형성·발현 변화의 동의어로 쓰지 않는다.
complex-i-redox-coupled-proton-pumping|quinone-q-cycle-vectorial-proton-translocation|KEEP_DISTINCT|복합체 I의 장거리 펌프 결합과 Q순환의 막 양면 퀴논 반응·전자 재순환은 양성자 구배를 만드는 서로 다른 구조 경로이다.
recursive-virtual-control-backstepping|lyapunov-descent-stabilizing-control|KEEP_SUBMETHOD|리아푸노프 안정화의 구체 설계법이며 가상 입력·추종 오차를 재귀적으로 확장한다. 안정성 법칙을 하나 더 추가한 것으로 해석하지 않는다.
surface-counterion-excess-ionic-conduction|nonlinear-surface-conduction-deionization-shock|KEEP_COUPLED_PATHWAY|표면의 초과 이동 전하가 전도하는 것과 농도 의존 수송이 이동 탈염 전선을 형성하는 비선형 동역학을 구분한다.
fully-wetted-roughness-wenzel-amplification|lotus-superhydrophobicity|KEEP_DISTINCT|완전히 젖은 요철의 면적 증대와 공기를 가둔 복합 접촉면을 구분한다. 일반 젖음성 제어의 세부 경로임을 인정한다.
screw-dislocation-persistent-spiral-growth-step|step-edge-barrier-uphill-growth-current|KEEP_DISTINCT|사라지지 않는 성장 계단의 공급과 계단 하강 장벽의 수송 비대칭은 나선·언덕 모양이 비슷해도 원인이 다르다.
stress-biased-dissolution-precipitation-creep|stress-directed-diffusional-creep|KEEP_DISTINCT|응력 구동이라는 공통성 아래 용액으로 용해·재석출하는 경로와 고체 격자·입계 확산 경로를 구분한다.
