fluorescence-sensing|형광 세기·파장·수명 검출|광여기로 발생한 형광의 세기·파장·감쇠 시간을 읽어 물질과 상태를 추정한다. 수명은 분자 환경과 복사·비복사 소멸 경로에 의존한다.|여기·검출 대역 분리, 기기 응답·복수 수명·소광·광표백·배경과 광자 수를 고려한다. 수명 측정도 모든 조건에서 농도 영향을 배제하지 못한다.
contact-area-load-spreading|접촉 형상·탄성 변형에 따른 하중 분산|같은 하중이 더 넓은 실제 접촉 영역에 분산되면 평균 압력이 낮아진다. 곡면의 탄성 변형과 곡률·탄성률·하중은 접촉 면적과 국부 압력 분포를 함께 정한다.|명목 면적 증가가 실제 면적 증가를 보장하지 않는다. 헤르츠 근사는 작은 접촉 영역과 국소 곡률·탄성 범위가 필요하다. 소성·밀착·거칠기·가장자리 효과와 최대 응력은 별도 평가한다.
hydrostatic-gas-bearing|외부 가압 유체막의 정압 지지|외부에서 공급한 가압 기체 또는 액체가 좁은 공극에 압력 분포를 형성해 하중을 비접촉 지지한다.|공급 압력·유량·공극·배출과 안정성을 확인한다. 기체 압축성과 액체 점성·누설 조건은 다르다. 상대 운동이 스스로 압력을 만드는 동압 지지와 구분한다.
gear-ratio-transmission|접촉 반경비에 의한 회전·직선 운동 전달|맞물린 기어 또는 구르는 접촉의 유효 반경비가 속도비를 정하고 동력을 속도와 힘·토크로 전달한다. 랙과 피니언에서는 회전을 직선 변위로 바꾼다.|기어는 치형·백래시·치면 응력, 마찰 구동은 예압·미끄럼 한계를 확인한다. 손실을 고려하며 감속에 따른 토크 증가는 동력 증가가 아니다.
reluctance-actuation|자기 회로 에너지 변화에 의한 철심 힘·토크|자화된 자기 회로의 공극·형상이 위치에 따라 달라지면 자기장 에너지 변화에 대응하는 힘·토크가 생긴다. 가동 철심의 흡인과 회전자의 위치별 코깅이 사례이다.|여자 방식·전류 또는 자속 구속·위치에 따른 에너지를 확인한다. 포화·히스테리시스·발열·잔류 자화를 고려하며 가동 코일의 로렌츠 구동과 구분한다.
eddy-current-damping|유도 전류의 상대 운동 억제·동력 전달|도체와 자속 분포 사이 상대 운동이 전류를 유도하고 그 자기 작용이 상대 운동을 줄이는 힘·토크를 만든다. 제동 또는 움직이는 자계에서 회전자로 동력 전달에 이용된다.|폐전류 경로·슬립·저항·발열과 에너지 공급 경로를 확인한다. 국소 와전류와 권선 회전자 전류는 형상이 다르다. 정지 자계에서 상대 운동이 사라지면 지속 제동 토크가 제한된다.
rotor-mass-balancing|운동 질량·위상 조절에 의한 관성 가진 제어|회전·왕복 질량의 분포와 운동 위상을 조절하면 관성력·모멘트를 상쇄하거나 의도한 진동 방향으로 합성할 수 있다. 축 정렬과 보정 질량은 회전 불평형을 줄인다.|정적·동적 불평형·보정면·회전수·구조 공진과 위상을 확인한다. 가진 생성과 저감은 같은 관성력 합성의 다른 용도이며 감쇠 에너지 소산 자체가 아니다.
swelling-actuation|용매 흡수·방출에 따른 팽윤·수축|재료에 들어가거나 빠져나오는 용매가 부피 변화를 만든다. 이를 변위에 이용하거나 구속·농도 구배로 응력과 균열이 발생하는 조건을 평가할 수 있다.|용매 친화성·조직·가교·확산 시간·구속·가역성을 확인한다. 재료별 수축과 손상은 달라지며 단순 수분 손실만으로 균일 변형을 가정하지 않는다.
hydrodynamic-lubrication|점성 연행의 유체 압력 형성·윤활|상대 운동하는 면이 점성 유체를 좁아지는 공극으로 끌어들이면 압력이 생겨 하중을 지지한다. 홈의 방향을 설계하면 연행 흐름으로 밀봉부의 역펌핑도 만들 수 있다.|속도·점도·공극·하중·홈 방향과 유체 공급에 의존한다. 정지·기동·공급 부족에서는 막이 유지되지 않을 수 있고 밀봉에서도 누설이 완전히 없어지는 것은 아니다.
cement-hydration|무기 결합재의 수화물 형성 경화|무기 결합재 성분이 물 또는 수용액과 반응해 연결된 수화물 조직을 만들면 혼합물이 굳어진다. 포틀랜드계와 마그네슘 옥시염화물계는 서로 다른 생성상을 가진다.|조성·물비·온도·양생·수축·공극에 의존한다. 모든 수화 경화물이 수중 내구성을 갖는 수경성 재료는 아니며 옥시염화마그네슘의 물에 의한 열화를 구분한다.
quench-vitrification|결정 형성 억제에 의한 유리화|용융체나 적합한 수용액의 냉각에서 결정 핵생성·성장이 충분히 진행되기 전에 분자 이동이 느려지면 비정질 고체로 고정될 수 있다.|조성·냉각 속도·두께·열전달에 의존한다. 수용액은 동결보호제와 재가열 시 재결정화를 고려한다. 기존 유리의 응력 강화나 결정성 응고와 구분한다.
load-induced-bone-remodeling|기계 환경 변화에 따른 골 조직 적응|기계 하중과 점진적 인장 등 조직 환경의 변화가 골 형성·흡수 신호에 영향을 주어 뼈의 구조와 재생을 조절할 수 있다.|하중·시간·방향·세포 상태·혈류에 의존한다. 기존 골의 재형성과 절골 간극의 신생골 형성은 과정이 다르며 기계 자극의 생체 반응이라는 공통 범위에서 다룬다. 장치 효과는 별도 검증한다.
chemical-glycosylation|글리코시드 결합 형성|활성화된 당 공여체의 아노머 탄소와 수용체 사이에 결합을 만들어 당을 연결한다. 화학 활성화 또는 적합한 당전달효소가 이 반응을 촉진할 수 있다.|공여체·수용체·효소 또는 촉매에 따라 입체 선택성·결합 원자가 달라진다. 당 고리의 다른 위치를 단순 치환하는 반응과 구분하고 효소 반응을 모든 화학 경로와 동일시하지 않는다.
remanent-magnetic-recording|잔류 자화 설정·정보 보존|외부 자기장으로 자성 재료의 자화 방향·패턴을 정하고 장을 제거한 뒤 남는 자화 상태를 이용한다. 영구자석 제조와 자기 정보 기록이 응용이다.|보자력·잔류 자화·이방성·형상·온도·기록장·판독 분해능을 확인한다. 외부장 제거 후 모든 재료가 같은 자화를 유지하지 않으며 자화 설정과 센서 판독을 구분한다.
linear-frequency-filtering|선형 주파수 응답에 의한 신호 성분 조절|선형 계의 주파수별 이득·위상을 설계하면 신호 대역을 선택하거나 알려진 전달 특성을 보상할 수 있다.|대역폭·위상·지연·잡음·안정성·인과성을 확인한다. 역응답 보상은 작은 전달 이득 구간에서 잡음을 증폭하며 비최소위상·영점 때문에 정확한 안정 역필터가 불가능할 수 있다.
finite-difference-rate-estimation|유한 차분에 의한 변화율 추정|독립변수의 떨어진 두 지점에서 관측량의 차이를 간격으로 나누면 그 구간의 평균 변화율을 구할 수 있다. 시간에 따른 속도나 파수에 따른 위상 기울기가 사례이다.|간격·노이즈·표본화·평활화와 단위를 확인한다. 미분 근사 오차가 있고 짧은 간격은 잡음을 증폭한다. 독립변수가 항상 시간인 것은 아니다.
charge-balance-state-of-charge|유입·유출률 적분에 의한 누적량 추적|유입·유출률을 시간에 대해 적분하면 초기 상태 대비 저장량 변화를 구한다. 전류로 전하량을, 누설을 보정한 유량으로 실린더 유체량·변위를 추정할 수 있다.|초기값·측정 편향·시간 오차·손실·효율을 확인한다. 변위 환산에는 유효 면적·압축성·누설 보정이 필요하다. 오차가 누적되므로 독립 관측으로 보정한다.
aromatic-side-chain-oxidation|알킬 탄소·수소 결합의 산소화|적합한 알킬 C–H의 활성화와 산소 도입으로 산소화 생성물을 만든다. 방향족 곁사슬의 카복실기 산화와 NHPI 매개 탄화수소 산소화가 사례이다.|기질·개시·산소·촉매·중간체와 연쇄 반응 선택성을 확인한다. 알코올·케톤·산 등 최종 생성물은 조건에 따라 다르며 모든 C–H 산화가 같은 단계나 수율을 갖지 않는다.
current-field-magnetic-ranging|전류 자기장 관계의 역산에 의한 전류·거리 추정|도체의 전류가 만드는 자기장 분포를 측정하면 알려진 기하에서 전류를, 알려진 전류·경로에서 상대 위치를 역산할 수 있다.|전류·위치 중 어느 양이 알려져 있는지 확인한다. 귀환 경로·주변 투자율·센서 방향·잡음이 영향을 주며 둘을 동시에 유일하게 결정하지 못할 수 있다. 유도 전압 검출과 구분한다.
bandpass-undersampling-frequency-translation|표본화 스펙트럼 복제에 의한 주파수 대역 선택|주기적 표본화가 만드는 스펙트럼 복제본을 선택하면 입력 대역을 낮은 디지털 대역에 표현하거나 DAC 출력의 고차 대역을 이용해 신호를 만들 수 있다.|표본화율·대역 제한·복제본 비중첩·입출력 필터·지터를 확인한다. ADC 입력 대역폭과 DAC 유지 응답은 다르며 단순히 대역폭 두 배만 정해 충분하지 않다.
ensemble-classification|여러 모델 예측의 결합|서로 다른 모델의 범주·확률·수치 예측을 투표 또는 가중 결합하면 개별 오류를 상호 보완할 수 있다.|오류 상관·정확도·확률 보정·분포 변화와 결합 규칙에 의존한다. 모델 수만으로 성능 향상을 보장하지 않는다. 같은 센서의 반복 측정 평균과 모델 예측 결합을 구분한다.
nonoxidative-ammonia-lyase-deamination|효소의 암모니아 제거·역부가|암모니아 분해효소가 기질에서 암모니아를 제거해 불포화 결합을 만들거나 역방향 부가를 촉진한다. PAL의 신남산 형성과 아스파르타아제의 아스파르트산 반응이 사례이다.|효소·기질·pH·암모니아 농도·평형에 의존한다. PAL의 MIO 매개 경로와 아스파르타아제의 제거 경로는 다르다. 산화 탈아미노화·아미노기 전이와 구분하며 반응만으로 치료 효과를 보장하지 않는다.
transient-thermal-defect-imaging|과도 열전달 응답에 의한 결함·냉각 상태 진단|가열·냉각 입력 뒤 온도의 시간 변화를 비교하면 내부 결함·접합 상태·냉각 경로가 열 흐름을 바꿔 만든 응답 차이를 찾을 수 있다. 열 영상은 공간 정보도 제공한다.|방사율·입력·두께·열확산율·센서 시간 응답·기준 상태를 보정한다. 결함 위치·종류의 역산은 비유일할 수 있다. 정상 온도 측정이나 벌크 열량 분석과 구분한다.
interleaved-switching-ripple-cancellation|위상이 다른 전력 경로의 맥동·고조파 상쇄|전력 변환 경로의 스위칭·발전·권선 위상을 엇갈리게 하면 각 경로의 맥동·고조파 성분이 합성 시 일부 상쇄될 수 있다.|상 수·위상차·진폭·주파수·부하·듀티비·권선 결합에 의존한다. 모든 고조파나 운전점의 리플이 사라지지 않는다. 스위칭 순간의 손실 저감과 평균 전류 분담은 별도이다.
