# Explicit conversation decisions after rereading all 276 draft cards. source|target|reason
geometric-force-compensation|lever-mechanical-advantage|변위별 모멘트팔 설계로 스프링 힘을 보상하는 지레·캠 조합이다. 별도 물리 원리로 재집계하지 않고 설계 사례로 보존한다.
trapped-fluid-hydraulic-load-holding|hydraulic-force-transmission|밸브를 닫아 같은 압력·면적 하중 관계를 정지 상태에 적용한다. 구동과 유지라는 운전 상태 차이만으로 별도 집계하지 않는다.
target-site-inhibitor-resistance|enzyme-inhibition|표적 친화도 변화에 따른 저해 감소는 기존 효소 저해의 선택성 조건이다. 저항성 응용을 독립 효과로 세지 않는다.
glycan-epitope-removal|biomolecular-recognition|인식하는 당쇄 구조를 제거해 결합을 줄이는 경우이며 기존 분자 인식의 표적 변경이다.
fc-glycan-dependent-receptor-affinity|biomolecular-recognition|당쇄 변경으로 수용체 결합 계면과 친화도가 바뀌는 인식 사례이다. ADCC 후속 기능은 관련 항목으로 남긴다.
temperature-dependent-luminescence-modulation|fluorescence-sensing|기존 카드가 이미 세기·파장·수명 변화를 읽는 범위를 포함한다. 온도를 자극으로 사용하는 사례를 별도 계수하지 않는다.
sorption-equilibrium-moisture-content|adsorption|흡착질이 물인 등온선·이력 적용이다. 수분 함량과 활성의 차이는 사례 조건에 보존한다.
substrate-selective-biopurification|fermentation|동일한 선택적 기질 대사를 불순물 제거에 사용하는 공정 목적 차이이다. 생산과 정제로 별도 집계하지 않는다.
photosystem-electron-transfer-blockade|photosynthesis|광계의 특정 결합 부위 억제로 기존 광합성 전자 전달을 줄이는 표적별 조절 사례이다. 탈결합과는 구분하되 신규 수를 늘리지 않는다.
tracer-advection-velocimetry|finite-difference-rate-estimation|추종자 위치 차분을 시간으로 나눈다. 추종성·미끄럼 오차 조건을 보존하고 차분 속도 측정 사례로 통합한다.
spectral-whitening|linear-frequency-filtering|주파수별 이득을 조절하여 포락을 평탄하게 하는 필터 적용이다. 선형 예측과의 구현 중복도 있어 별도 집계하지 않는다.
electrogenerated-base-precipitation|precipitation-reaction|물 전해로 만든 염기가 용해도·pH 침전을 일으키는 조합이다. 염기 공급원 변경을 독립 침전 효과로 세지 않는다.
protease-triggered-binding-unmasking|compartment-specific-proteolytic-processing|두 초안 모두 특정 위치의 효소가 연결 펩타이드를 절단해 연결부 기능을 해제한다. 화물 방출·결합 차폐 해제를 한 카드의 사례로 통합한다.
oxidative-disulfide-refolding|intramolecular-crosslink-conformational-stabilization|동일한 분자 내 이황화 가교가 접힘 안정성을 바꾸는 원리이다. 재접힘 회복은 조건과 사례로 보존한다.
electrophilic-aromatic-alkylation|electrophilic-aromatic-nitration|방향족 친전자 치환의 동일한 고리 부가·탈양성자화 원리이다. 도입 작용기가 다른 사례를 한 계열로 통합한다.
electrophilic-aromatic-halogenation|electrophilic-aromatic-nitration|방향족 친전자 치환의 동일한 고리 부가·탈양성자화 원리이다. 라디칼 알케인 할로젠화는 다른 경로이므로 유지한다.
